model,ROC_AUC,PR_AUC
L1 Logistic,0.7833333333333332,0.6161493403160097
Logistic,0.7764285714285714,0.6068203662237155
